TransactionID,EquipmentID,CustomerID,StartDate,EndDate,RentalDays,DailyRate,BaseRevenue,ActualRevenue,Status,load_timestamp,source_file,pipeline_run_id,quarantined,quarantine_reason
TXN01019,EQ001,CUST012,2024-09-09,2024-10-07,28.0,850,23800,20230.0,completed,2026-03-02 23:16:44.361556,data/Equipment_Hire_Dataset.xlsx,,True,"Overlapping rental with TransactionID(s): TXN01019,TXN01002"
TXN01002,EQ001,CUST009,2024-09-21,2024-09-24,3.0,850,2550,2750.0,completed,2026-03-02 23:16:44.361556,data/Equipment_Hire_Dataset.xlsx,,True,"Overlapping rental with TransactionID(s): TXN01002,TXN01003"
TXN01003,EQ001,CUST013,2024-09-23,2024-10-14,21.0,850,17850,17850.0,completed,2026-03-02 23:16:44.361556,data/Equipment_Hire_Dataset.xlsx,,True,"Overlapping rental with TransactionID(s): TXN01002,TXN01003"
TXN01140,EQ001,CUST001,2024-11-02,2024-11-07,5.0,850,4250,4250.0,completed,2026-03-02 23:16:44.361556,data/Equipment_Hire_Dataset.xlsx,,False,
TXN01125,EQ001,CUST011,2024-11-08,2024-11-22,14.0,850,11900,10115.0,completed,2026-03-02 23:16:44.361556,data/Equipment_Hire_Dataset.xlsx,,False,
TXN01130,EQ001,CUST005,2024-11-27,2024-12-11,14.0,850,11900,11900.0,completed,2026-03-02 23:16:44.361556,data/Equipment_Hire_Dataset.xlsx,,True,"Overlapping rental with TransactionID(s): TXN01130,TXN01165"
TXN01165,EQ001,CUST001,2024-12-08,2024-12-29,21.0,850,17850,15172.5,completed,2026-03-02 23:16:44.361556,data/Equipment_Hire_Dataset.xlsx,,True,"Overlapping rental with TransactionID(s): TXN01130,TXN01165"
TXN01230,EQ001,CUST011,2025-01-08,2025-01-15,7.0,850,5950,5950.0,completed,2026-03-02 23:16:44.361556,data/Equipment_Hire_Dataset.xlsx,,False,
TXN01037,EQ002,CUST010,2024-09-02,2024-09-23,21.0,850,17850,17207.5,completed,2026-03-02 23:16:44.361556,data/Equipment_Hire_Dataset.xlsx,,True,"Overlapping rental with TransactionID(s): TXN01037,TXN01007"
TXN01007,EQ002,CUST011,2024-09-10,,,850,2550,2422.5,active,2026-03-02 23:16:44.361556,data/Equipment_Hire_Dataset.xlsx,,True,"Overlapping rental with TransactionID(s): TXN01007,TXN01035"
TXN01035,EQ002,CUST003,2024-09-13,2024-09-18,5.0,850,4250,4250.0,completed,2026-03-02 23:16:44.361556,data/Equipment_Hire_Dataset.xlsx,,True,"Overlapping rental with TransactionID(s): TXN01035,TXN01028"
TXN01028,EQ002,CUST014,2024-09-17,2024-09-22,5.0,850,4250,4500.0,completed,2026-03-02 23:16:44.361556,data/Equipment_Hire_Dataset.xlsx,,True,"Overlapping rental with TransactionID(s): TXN01035,TXN01028"
TXN01055,EQ002,CUST014,2024-10-07,2024-10-14,7.0,850,5950,5950.0,completed,2026-03-02 23:16:44.361556,data/Equipment_Hire_Dataset.xlsx,,True,"Overlapping rental with TransactionID(s): TXN01055,TXN01059"
TXN01059,EQ002,CUST002,2024-10-12,2024-10-26,14.0,850,11900,11305.0,cancelled,2026-03-02 23:16:44.361556,data/Equipment_Hire_Dataset.xlsx,,True,"Overlapping rental with TransactionID(s): TXN01059,TXN01078"
TXN01078,EQ002,CUST004,2024-10-13,2024-11-03,21.0,850,17850,13655.25,completed,2026-03-02 23:16:44.361556,data/Equipment_Hire_Dataset.xlsx,,True,"Overlapping rental with TransactionID(s): TXN01059,TXN01078"
TXN01105,EQ002,CUST009,2024-11-05,2024-11-10,5.0,850,4250,4250.0,completed,2026-03-02 23:16:44.361556,data/Equipment_Hire_Dataset.xlsx,,False,
TXN01172,EQ002,CUST008,2024-12-14,2025-01-04,21.0,850,17850,16065.0,active,2026-03-02 23:16:44.361556,data/Equipment_Hire_Dataset.xlsx,,True,Active but has EndDate
TXN01159,EQ002,CUST001,2024-12-16,2024-12-21,5.0,850,4250,4187.5,completed,2026-03-02 23:16:44.361556,data/Equipment_Hire_Dataset.xlsx,,True,"Overlapping rental with TransactionID(s): TXN01172,TXN01159"
TXN01217,EQ002,CUST007,2025-01-24,2025-01-29,5.0,850,4250,4250.0,completed,2026-03-02 23:16:44.361556,data/Equipment_Hire_Dataset.xlsx,,False,
TXN01039,EQ003,CUST011,2024-09-13,2024-10-11,28.0,720,20160,18144.0,completed,2026-03-02 23:16:44.361556,data/Equipment_Hire_Dataset.xlsx,,True,"Overlapping rental with TransactionID(s): TXN01039,TXN01023"
TXN01023,EQ003,CUST002,2024-09-27,2024-10-18,21.0,720,15120,13608.0,completed,2026-03-02 23:16:44.361556,data/Equipment_Hire_Dataset.xlsx,,True,"Overlapping rental with TransactionID(s): TXN01039,TXN01023"
TXN01090,EQ003,CUST010,2024-10-21,,,720,10080,8768.0,active,2026-03-02 23:16:44.361556,data/Equipment_Hire_Dataset.xlsx,,True,"Overlapping rental with TransactionID(s): TXN01090,TXN01107"
TXN01107,EQ003,CUST007,2024-11-19,2024-11-26,7.0,720,5040,4988.0,completed,2026-03-02 23:16:44.361556,data/Equipment_Hire_Dataset.xlsx,,True,"Overlapping rental with TransactionID(s): TXN01090,TXN01107"
TXN01173,EQ003,CUST015,2024-12-20,2024-12-22,2.0,720,1440,1640.0,completed,2026-03-02 23:16:44.361556,data/Equipment_Hire_Dataset.xlsx,,False,
TXN01158,EQ003,CUST011,2024-12-23,2025-01-13,21.0,720,15120,14364.0,completed,2026-03-02 23:16:44.361556,data/Equipment_Hire_Dataset.xlsx,,True,"Overlapping rental with TransactionID(s): TXN01158,TXN01151"
TXN01151,EQ003,CUST015,2024-12-24,2024-12-29,5.0,720,3600,3750.0,completed,2026-03-02 23:16:44.361556,data/Equipment_Hire_Dataset.xlsx,,True,"Overlapping rental with TransactionID(s): TXN01158,TXN01151"
TXN01194,EQ003,CUST014,2025-01-14,2025-01-19,5.0,720,3600,3600.0,completed,2026-03-02 23:16:44.361556,data/Equipment_Hire_Dataset.xlsx,,True,"Overlapping rental with TransactionID(s): TXN01194,TXN01223"
TXN01223,EQ003,CUST015,2025-01-15,2025-01-18,3.0,720,2160,2160.0,completed,2026-03-02 23:16:44.361556,data/Equipment_Hire_Dataset.xlsx,,True,"Overlapping rental with TransactionID(s): TXN01194,TXN01223"
TXN01227,EQ003,CUST001,2025-01-27,2025-02-01,5.0,720,3600,3600.0,completed,2026-03-02 23:16:44.361556,data/Equipment_Hire_Dataset.xlsx,,True,"Overlapping rental with TransactionID(s): TXN01227,TXN01204"
TXN01204,EQ003,CUST011,2025-01-28,2025-02-25,28.0,720,20160,18144.0,completed,2026-03-02 23:16:44.361556,data/Equipment_Hire_Dataset.xlsx,,True,"Overlapping rental with TransactionID(s): TXN01227,TXN01204"
TXN01032,EQ004,CUST004,2024-09-18,2024-09-21,3.0,720,2160,2310.0,completed,2026-03-02 23:16:44.361556,data/Equipment_Hire_Dataset.xlsx,,False,
TXN01071,EQ004,CUST013,2024-10-06,2024-10-13,7.0,720,5040,5190.0,active,2026-03-02 23:16:44.361556,data/Equipment_Hire_Dataset.xlsx,,True,Active but has EndDate
TXN01060,EQ004,CUST007,2024-10-07,2024-11-04,28.0,720,20160,19402.0,completed,2026-03-02 23:16:44.361556,data/Equipment_Hire_Dataset.xlsx,,True,"Overlapping rental with TransactionID(s): TXN01060,TXN01072"
TXN01072,EQ004,CUST008,2024-10-15,,,720,2160,2160.0,active,2026-03-02 23:16:44.361556,data/Equipment_Hire_Dataset.xlsx,,True,"Overlapping rental with TransactionID(s): TXN01072,TXN01093"
TXN01093,EQ004,CUST007,2024-10-21,2024-11-20,30.0,720,21600,21600.0,completed,2026-03-02 23:16:44.361556,data/Equipment_Hire_Dataset.xlsx,,True,"Overlapping rental with TransactionID(s): TXN01093,TXN01135"
TXN01135,EQ004,CUST014,2024-11-04,2024-11-25,21.0,720,15120,15270.0,completed,2026-03-02 23:16:44.361556,data/Equipment_Hire_Dataset.xlsx,,True,"Overlapping rental with TransactionID(s): TXN01093,TXN01135"
TXN01157,EQ004,CUST011,2024-12-01,2024-12-06,5.0,720,3600,3600.0,completed,2026-03-02 23:16:44.361556,data/Equipment_Hire_Dataset.xlsx,,True,"Overlapping rental with TransactionID(s): TXN01157,TXN01164"
TXN01164,EQ004,CUST014,2024-12-03,2024-12-24,21.0,720,15120,12852.0,completed,2026-03-02 23:16:44.361556,data/Equipment_Hire_Dataset.xlsx,,True,"Overlapping rental with TransactionID(s): TXN01164,TXN01168"
TXN01168,EQ004,CUST011,2024-12-05,2025-01-02,28.0,720,20160,18144.0,completed,2026-03-02 23:16:44.361556,data/Equipment_Hire_Dataset.xlsx,,True,"Overlapping rental with TransactionID(s): TXN01168,TXN01182"
TXN01182,EQ004,CUST006,2024-12-12,2025-01-02,21.0,720,15120,13608.0,completed,2026-03-02 23:16:44.361556,data/Equipment_Hire_Dataset.xlsx,,True,"Overlapping rental with TransactionID(s): TXN01182,TXN01178"
TXN01178,EQ004,CUST012,2024-12-26,2025-01-16,21.0,720,15120,12852.0,completed,2026-03-02 23:16:44.361556,data/Equipment_Hire_Dataset.xlsx,,True,"Overlapping rental with TransactionID(s): TXN01178,TXN01175"
TXN01175,EQ004,CUST013,2024-12-28,2025-01-11,14.0,720,10080,8568.0,active,2026-03-02 23:16:44.361556,data/Equipment_Hire_Dataset.xlsx,,True,Active but has EndDate
TXN01195,EQ004,CUST007,2025-01-11,2025-01-12,1.0,720,720,720.0,completed,2026-03-02 23:16:44.361556,data/Equipment_Hire_Dataset.xlsx,,True,"Overlapping rental with TransactionID(s): TXN01195,TXN01225"
TXN01225,EQ004,CUST014,2025-01-11,2025-01-25,14.0,720,10080,8768.0,active,2026-03-02 23:16:44.361556,data/Equipment_Hire_Dataset.xlsx,,True,Active but has EndDate
TXN01192,EQ004,CUST001,2025-01-14,2025-01-21,7.0,720,5040,5190.0,completed,2026-03-02 23:16:44.361556,data/Equipment_Hire_Dataset.xlsx,,True,"Overlapping rental with TransactionID(s): TXN01225,TXN01192"
TXN01024,EQ005,CUST003,2024-09-18,2024-10-02,14.0,550,7700,6795.0,cancelled,2026-03-02 23:16:44.361556,data/Equipment_Hire_Dataset.xlsx,,True,"Overlapping rental with TransactionID(s): TXN01024,TXN01029"
TXN01029,EQ005,CUST012,2024-09-19,2024-10-17,28.0,550,15400,15650.0,completed,2026-03-02 23:16:44.361556,data/Equipment_Hire_Dataset.xlsx,,True,"Overlapping rental with TransactionID(s): TXN01029,TXN01015"
TXN01015,EQ005,CUST009,2024-09-25,2024-10-02,7.0,550,3850,3657.5,completed,2026-03-02 23:16:44.361556,data/Equipment_Hire_Dataset.xlsx,,True,"Overlapping rental with TransactionID(s): TXN01029,TXN01015"
TXN01046,EQ005,CUST005,2024-10-04,2024-10-06,2.0,550,1100,1062.5,completed,2026-03-02 23:16:44.361556,data/Equipment_Hire_Dataset.xlsx,,False,
TXN01082,EQ005,CUST010,2024-10-13,2024-10-20,7.0,550,3850,3321.38,completed,2026-03-02 23:16:44.361556,data/Equipment_Hire_Dataset.xlsx,,True,"Overlapping rental with TransactionID(s): TXN01082,TXN01077"
TXN01077,EQ005,CUST012,2024-10-14,2024-10-17,3.0,550,1650,1650.0,completed,2026-03-02 23:16:44.361556,data/Equipment_Hire_Dataset.xlsx,,True,"Overlapping rental with TransactionID(s): TXN01082,TXN01077"
TXN01051,EQ005,CUST001,2024-10-29,2024-11-03,5.0,550,2750,2612.5,completed,2026-03-02 23:16:44.361556,data/Equipment_Hire_Dataset.xlsx,,False,
TXN01127,EQ005,CUST008,2024-11-10,2024-12-08,28.0,550,15400,14630.0,completed,2026-03-02 23:16:44.361556,data/Equipment_Hire_Dataset.xlsx,,False,
TXN01202,EQ005,CUST008,2025-01-15,2025-01-17,2.0,550,1100,1100.0,completed,2026-03-02 23:16:44.361556,data/Equipment_Hire_Dataset.xlsx,,False,
TXN01211,EQ005,CUST015,2025-01-21,2025-01-26,5.0,550,2750,2750.0,completed,2026-03-02 23:16:44.361556,data/Equipment_Hire_Dataset.xlsx,,False,
TXN01016,EQ006,CUST013,2024-09-20,2024-10-04,14.0,480,6720,6048.0,completed,2026-03-02 23:16:44.361556,data/Equipment_Hire_Dataset.xlsx,,True,"Overlapping rental with TransactionID(s): TXN01016,TXN01044"
TXN01044,EQ006,CUST008,2024-09-23,2024-10-14,21.0,480,10080,9576.0,cancelled,2026-03-02 23:16:44.361556,data/Equipment_Hire_Dataset.xlsx,,True,"Overlapping rental with TransactionID(s): TXN01016,TXN01044"
TXN01074,EQ006,CUST012,2024-10-15,2024-11-12,28.0,480,13440,12768.0,completed,2026-03-02 23:16:44.361556,data/Equipment_Hire_Dataset.xlsx,,True,"Overlapping rental with TransactionID(s): TXN01074,TXN01111"
TXN01111,EQ006,CUST009,2024-11-01,2024-11-03,2.0,480,960,960.0,completed,2026-03-02 23:16:44.361556,data/Equipment_Hire_Dataset.xlsx,,True,"Overlapping rental with TransactionID(s): TXN01074,TXN01111"
TXN01185,EQ006,CUST014,2025-01-22,2025-01-25,3.0,480,1440,1440.0,completed,2026-03-02 23:16:44.361556,data/Equipment_Hire_Dataset.xlsx,,True,"Overlapping rental with TransactionID(s): TXN01185,TXN01236"
TXN01236,EQ006,CUST013,2025-01-23,2025-01-26,3.0,480,1440,1590.0,completed,2026-03-02 23:16:44.361556,data/Equipment_Hire_Dataset.xlsx,,True,"Overlapping rental with TransactionID(s): TXN01185,TXN01236"
TXN01043,EQ007,CUST009,2024-09-12,2024-09-17,5.0,480,2400,2280.0,completed,2026-03-02 23:16:44.361556,data/Equipment_Hire_Dataset.xlsx,,True,"Overlapping rental with TransactionID(s): TXN01043,TXN01030"
TXN01030,EQ007,CUST002,2024-09-14,2024-09-16,2.0,480,960,960.0,completed,2026-03-02 23:16:44.361556,data/Equipment_Hire_Dataset.xlsx,,True,"Overlapping rental with TransactionID(s): TXN01043,TXN01030"
TXN01047,EQ007,CUST011,2024-10-09,2024-10-23,14.0,480,6720,6720.0,completed,2026-03-02 23:16:44.361556,data/Equipment_Hire_Dataset.xlsx,,False,
TXN01104,EQ007,CUST005,2024-11-06,2024-11-09,3.0,480,1440,1590.0,completed,2026-03-02 23:16:44.361556,data/Equipment_Hire_Dataset.xlsx,,False,
TXN01124,EQ007,CUST005,2024-11-10,2024-11-17,7.0,480,3360,3360.0,completed,2026-03-02 23:16:44.361556,data/Equipment_Hire_Dataset.xlsx,,True,"Overlapping rental with TransactionID(s): TXN01124,TXN01097"
TXN01097,EQ007,CUST006,2024-11-11,2024-12-02,21.0,480,10080,9576.0,completed,2026-03-02 23:16:44.361556,data/Equipment_Hire_Dataset.xlsx,,True,"Overlapping rental with TransactionID(s): TXN01097,TXN01132"
TXN01132,EQ007,CUST012,2024-11-13,2024-11-18,5.0,480,2400,2400.0,completed,2026-03-02 23:16:44.361556,data/Equipment_Hire_Dataset.xlsx,,True,"Overlapping rental with TransactionID(s): TXN01132,TXN01238"
TXN01238,EQ007,CUST012,2024-11-15,2024-11-20,5.0,480,2400,2400.0,completed,2026-03-02 23:16:44.361556,data/Equipment_Hire_Dataset.xlsx,,True,"Overlapping rental with TransactionID(s): TXN01132,TXN01238"
TXN01237,EQ007,CUST015,2025-01-10,2025-01-11,1.0,480,480,480.0,completed,2026-03-02 23:16:44.361556,data/Equipment_Hire_Dataset.xlsx,,False,
TXN01191,EQ007,CUST005,2025-01-25,2025-02-22,28.0,480,13440,11424.0,completed,2026-03-02 23:16:44.361556,data/Equipment_Hire_Dataset.xlsx,,False,
TXN01033,EQ008,CUST014,2024-09-15,2024-10-13,28.0,480,13440,12096.0,cancelled,2026-03-02 23:16:44.361556,data/Equipment_Hire_Dataset.xlsx,,True,"Overlapping rental with TransactionID(s): TXN01033,TXN01068"
TXN01068,EQ008,CUST013,2024-10-01,2024-10-04,3.0,480,1440,1618.0,completed,2026-03-02 23:16:44.361556,data/Equipment_Hire_Dataset.xlsx,,True,"Overlapping rental with TransactionID(s): TXN01068,TXN01239"
TXN01239,EQ008,CUST013,2024-10-03,2024-10-06,3.0,480,1440,1618.0,completed,2026-03-02 23:16:44.361556,data/Equipment_Hire_Dataset.xlsx,,True,"Overlapping rental with TransactionID(s): TXN01239,TXN01087"
TXN01087,EQ008,CUST003,2024-10-04,2024-10-11,7.0,480,3360,3360.0,completed,2026-03-02 23:16:44.361556,data/Equipment_Hire_Dataset.xlsx,,True,"Overlapping rental with TransactionID(s): TXN01087,TXN01056"
TXN01056,EQ008,CUST004,2024-10-07,,,480,480,480.0,active,2026-03-02 23:16:44.361556,data/Equipment_Hire_Dataset.xlsx,,True,"Overlapping rental with TransactionID(s): TXN01056,TXN01052"
TXN01052,EQ008,CUST011,2024-10-25,2024-10-27,2.0,480,960,960.0,completed,2026-03-02 23:16:44.361556,data/Equipment_Hire_Dataset.xlsx,,True,"Overlapping rental with TransactionID(s): TXN01052,TXN01053"
TXN01053,EQ008,CUST014,2024-10-26,2024-10-29,3.0,480,1440,1440.0,completed,2026-03-02 23:16:44.361556,data/Equipment_Hire_Dataset.xlsx,,True,"Overlapping rental with TransactionID(s): TXN01052,TXN01053"
TXN01076,EQ008,CUST005,2024-10-29,2024-11-03,5.0,480,2400,2430.0,completed,2026-03-02 23:16:44.361556,data/Equipment_Hire_Dataset.xlsx,,False,
TXN01108,EQ008,CUST002,2024-11-14,2024-11-21,7.0,480,3360,3360.0,completed,2026-03-02 23:16:44.361556,data/Equipment_Hire_Dataset.xlsx,,True,"Overlapping rental with TransactionID(s): TXN01108,TXN01243"
TXN01243,EQ008,CUST002,2024-11-16,2024-11-23,7.0,480,3360,3360.0,completed,2026-03-02 23:16:44.361556,data/Equipment_Hire_Dataset.xlsx,,True,"Overlapping rental with TransactionID(s): TXN01243,TXN01141"
TXN01141,EQ008,CUST009,2024-11-22,2024-11-29,7.0,480,3360,3360.0,completed,2026-03-02 23:16:44.361556,data/Equipment_Hire_Dataset.xlsx,,True,"Overlapping rental with TransactionID(s): TXN01243,TXN01141"
TXN01234,EQ008,CUST012,2025-01-04,2025-01-18,14.0,480,6720,6584.0,completed,2026-03-02 23:16:44.361556,data/Equipment_Hire_Dataset.xlsx,,False,
TXN01231,EQ008,CUST010,2025-01-22,2025-01-29,7.0,480,3360,3192.0,completed,2026-03-02 23:16:44.361556,data/Equipment_Hire_Dataset.xlsx,,False,
TXN01005,EQ009,CUST013,2024-09-15,2024-09-16,1.0,280,280,266.0,completed,2026-03-02 23:16:44.361556,data/Equipment_Hire_Dataset.xlsx,,False,
TXN01009,EQ009,CUST012,2024-09-21,2024-10-19,28.0,280,7840,7056.0,completed,2026-03-02 23:16:44.361556,data/Equipment_Hire_Dataset.xlsx,,True,"Overlapping rental with TransactionID(s): TXN01009,TXN01075"
TXN01075,EQ009,CUST013,2024-10-16,2024-11-06,21.0,280,5880,6497.4,completed,2026-03-02 23:16:44.361556,data/Equipment_Hire_Dataset.xlsx,,True,"Overlapping rental with TransactionID(s): TXN01075,TXN01049"
TXN01049,EQ009,CUST003,2024-10-18,2024-11-08,21.0,280,5880,5880.0,completed,2026-03-02 23:16:44.361556,data/Equipment_Hire_Dataset.xlsx,,True,"Overlapping rental with TransactionID(s): TXN01049,TXN01098"
TXN01098,EQ009,CUST009,2024-11-07,2024-11-08,1.0,280,280,516.0,completed,2026-03-02 23:16:44.361556,data/Equipment_Hire_Dataset.xlsx,,True,"Overlapping rental with TransactionID(s): TXN01049,TXN01098"
TXN01119,EQ009,CUST003,2024-11-14,2024-12-14,30.0,280,8400,8400.0,completed,2026-03-02 23:16:44.361556,data/Equipment_Hire_Dataset.xlsx,,True,"Overlapping rental with TransactionID(s): TXN01119,TXN01129"
TXN01129,EQ009,CUST013,2024-11-14,2024-12-05,21.0,280,5880,5586.0,completed,2026-03-02 23:16:44.361556,data/Equipment_Hire_Dataset.xlsx,,True,"Overlapping rental with TransactionID(s): TXN01129,TXN01116"
TXN01116,EQ009,CUST009,2024-11-15,2024-11-22,7.0,280,1960,1862.0,active,2026-03-02 23:16:44.361556,data/Equipment_Hire_Dataset.xlsx,,True,Active but has EndDate
TXN01147,EQ009,CUST001,2024-12-22,2024-12-29,7.0,280,1960,1862.0,completed,2026-03-02 23:16:44.361556,data/Equipment_Hire_Dataset.xlsx,,False,
TXN01188,EQ009,CUST008,2025-01-16,2025-01-30,14.0,280,3920,3920.0,completed,2026-03-02 23:16:44.361556,data/Equipment_Hire_Dataset.xlsx,,True,"Overlapping rental with TransactionID(s): TXN01188,TXN01221"
TXN01221,EQ009,CUST001,2025-01-28,2025-02-11,14.0,280,3920,3724.0,completed,2026-03-02 23:16:44.361556,data/Equipment_Hire_Dataset.xlsx,,True,"Overlapping rental with TransactionID(s): TXN01188,TXN01221"
TXN01036,EQ010,CUST007,2024-09-24,2024-10-08,14.0,280,3920,4120.0,completed,2026-03-02 23:16:44.361556,data/Equipment_Hire_Dataset.xlsx,,False,
TXN01089,EQ010,CUST002,2024-10-10,2024-10-17,7.0,280,1960,1960.0,completed,2026-03-02 23:16:44.361556,data/Equipment_Hire_Dataset.xlsx,,True,"Overlapping rental with TransactionID(s): TXN01089,TXN01063"
TXN01063,EQ010,CUST011,2024-10-13,2024-10-20,7.0,280,1960,1960.0,completed,2026-03-02 23:16:44.361556,data/Equipment_Hire_Dataset.xlsx,,True,"Overlapping rental with TransactionID(s): TXN01089,TXN01063"
TXN01100,EQ010,CUST004,2024-11-08,2024-11-15,7.0,280,1960,1960.0,completed,2026-03-02 23:16:44.361556,data/Equipment_Hire_Dataset.xlsx,,False,
TXN01112,EQ010,CUST001,2024-11-23,2024-11-28,5.0,280,1400,1400.0,completed,2026-03-02 23:16:44.361556,data/Equipment_Hire_Dataset.xlsx,,True,"Overlapping rental with TransactionID(s): TXN01112,TXN01102"
TXN01102,EQ010,CUST005,2024-11-24,2024-11-29,5.0,280,1400,1400.0,completed,2026-03-02 23:16:44.361556,data/Equipment_Hire_Dataset.xlsx,,True,"Overlapping rental with TransactionID(s): TXN01102,TXN01121"
TXN01121,EQ010,CUST011,2024-11-27,2024-12-25,28.0,280,7840,7056.0,completed,2026-03-02 23:16:44.361556,data/Equipment_Hire_Dataset.xlsx,,True,"Overlapping rental with TransactionID(s): TXN01121,TXN01148"
TXN01148,EQ010,CUST013,2024-12-20,2025-01-10,21.0,280,5880,5736.0,completed,2026-03-02 23:16:44.361556,data/Equipment_Hire_Dataset.xlsx,,True,"Overlapping rental with TransactionID(s): TXN01148,TXN01153"
TXN01153,EQ010,CUST012,2024-12-26,2025-01-23,28.0,280,7840,7056.0,completed,2026-03-02 23:16:44.361556,data/Equipment_Hire_Dataset.xlsx,,True,"Overlapping rental with TransactionID(s): TXN01153,TXN01145"
TXN01145,EQ010,CUST004,2024-12-28,2025-01-27,30.0,280,8400,8650.0,completed,2026-03-02 23:16:44.361556,data/Equipment_Hire_Dataset.xlsx,,True,"Overlapping rental with TransactionID(s): TXN01145,TXN01214"
TXN01214,EQ010,CUST003,2025-01-11,2025-02-10,30.0,280,8400,8550.0,completed,2026-03-02 23:16:44.361556,data/Equipment_Hire_Dataset.xlsx,,True,"Overlapping rental with TransactionID(s): TXN01214,TXN01215"
TXN01215,EQ010,CUST014,2025-01-17,2025-02-07,21.0,280,5880,5292.0,active,2026-03-02 23:16:44.361556,data/Equipment_Hire_Dataset.xlsx,,True,Active but has EndDate
TXN01041,EQ011,CUST015,2024-09-22,2024-09-27,5.0,350,1750,2000.0,completed,2026-03-02 23:16:44.361556,data/Equipment_Hire_Dataset.xlsx,,False,
TXN01058,EQ011,CUST001,2024-10-09,2024-10-11,2.0,350,700,700.0,cancelled,2026-03-02 23:16:44.361556,data/Equipment_Hire_Dataset.xlsx,,False,
TXN01122,EQ011,CUST002,2024-11-13,2024-12-13,30.0,350,10500,9450.0,completed,2026-03-02 23:16:44.361556,data/Equipment_Hire_Dataset.xlsx,,True,"Overlapping rental with TransactionID(s): TXN01122,TXN01133"
TXN01133,EQ011,CUST012,2024-11-26,2024-12-03,7.0,350,2450,2450.0,completed,2026-03-02 23:16:44.361556,data/Equipment_Hire_Dataset.xlsx,,True,"Overlapping rental with TransactionID(s): TXN01122,TXN01133"
TXN01177,EQ011,CUST011,2024-12-05,2024-12-10,5.0,350,1750,1750.0,completed,2026-03-02 23:16:44.361556,data/Equipment_Hire_Dataset.xlsx,,False,
TXN01207,EQ011,CUST012,2025-01-21,2025-01-23,2.0,350,700,950.0,cancelled,2026-03-02 23:16:44.361556,data/Equipment_Hire_Dataset.xlsx,,False,
TXN01026,EQ012,CUST008,2024-09-15,2024-10-13,28.0,350,9800,7497.0,completed,2026-03-02 23:16:44.361556,data/Equipment_Hire_Dataset.xlsx,,True,"Overlapping rental with TransactionID(s): TXN01026,TXN01022"
TXN01022,EQ012,CUST015,2024-09-26,2024-10-26,30.0,350,10500,10125.0,active,2026-03-02 23:16:44.361556,data/Equipment_Hire_Dataset.xlsx,,True,Active but has EndDate
TXN01092,EQ012,CUST002,2024-10-11,2024-10-18,7.0,350,2450,2327.5,completed,2026-03-02 23:16:44.361556,data/Equipment_Hire_Dataset.xlsx,,True,"Overlapping rental with TransactionID(s): TXN01022,TXN01092"
TXN01088,EQ012,CUST003,2024-10-24,2024-11-07,14.0,350,4900,4410.0,completed,2026-03-02 23:16:44.361556,data/Equipment_Hire_Dataset.xlsx,,False,
TXN01155,EQ012,CUST002,2024-12-01,2024-12-22,21.0,350,7350,6982.5,completed,2026-03-02 23:16:44.361556,data/Equipment_Hire_Dataset.xlsx,,True,"Overlapping rental with TransactionID(s): TXN01155,TXN01181"
TXN01181,EQ012,CUST002,2024-12-07,2024-12-14,7.0,350,2450,2450.0,completed,2026-03-02 23:16:44.361556,data/Equipment_Hire_Dataset.xlsx,,True,"Overlapping rental with TransactionID(s): TXN01181,TXN01152"
TXN01152,EQ012,CUST009,2024-12-09,2024-12-16,7.0,350,2450,2700.0,cancelled,2026-03-02 23:16:44.361556,data/Equipment_Hire_Dataset.xlsx,,True,"Overlapping rental with TransactionID(s): TXN01181,TXN01152"
TXN01160,EQ012,CUST011,2024-12-23,2025-01-20,28.0,350,9800,9800.0,completed,2026-03-02 23:16:44.361556,data/Equipment_Hire_Dataset.xlsx,,True,"Overlapping rental with TransactionID(s): TXN01160,TXN01203"
TXN01203,EQ012,CUST009,2025-01-15,2025-01-17,2.0,350,700,900.0,completed,2026-03-02 23:16:44.361556,data/Equipment_Hire_Dataset.xlsx,,True,"Overlapping rental with TransactionID(s): TXN01160,TXN01203"
TXN01012,EQ013,CUST005,2024-09-19,2024-09-21,2.0,220,440,690.0,completed,2026-03-02 23:16:44.361556,data/Equipment_Hire_Dataset.xlsx,,False,
TXN01008,EQ013,CUST005,2024-09-27,2024-10-04,7.0,220,1540,1740.0,completed,2026-03-02 23:16:44.361556,data/Equipment_Hire_Dataset.xlsx,,False,
TXN01079,EQ013,CUST008,2024-10-12,,,220,220,220.0,active,2026-03-02 23:16:44.361556,data/Equipment_Hire_Dataset.xlsx,,True,"Overlapping rental with TransactionID(s): TXN01079,TXN01070"
TXN01070,EQ013,CUST004,2024-10-23,2024-10-26,3.0,220,660,627.0,active,2026-03-02 23:16:44.361556,data/Equipment_Hire_Dataset.xlsx,,True,Active but has EndDate
TXN01084,EQ013,CUST005,2024-10-27,2024-11-17,21.0,220,4620,4620.0,completed,2026-03-02 23:16:44.361556,data/Equipment_Hire_Dataset.xlsx,,True,"Overlapping rental with TransactionID(s): TXN01084,TXN01142"
TXN01142,EQ013,CUST010,2024-11-16,2024-11-30,14.0,220,3080,2818.0,completed,2026-03-02 23:16:44.361556,data/Equipment_Hire_Dataset.xlsx,,True,"Overlapping rental with TransactionID(s): TXN01084,TXN01142"
TXN01220,EQ013,CUST009,2025-01-06,2025-01-13,7.0,220,1540,1540.0,completed,2026-03-02 23:16:44.361556,data/Equipment_Hire_Dataset.xlsx,,True,"Overlapping rental with TransactionID(s): TXN01220,TXN01197"
TXN01197,EQ013,CUST014,2025-01-11,2025-01-16,5.0,220,1100,1100.0,completed,2026-03-02 23:16:44.361556,data/Equipment_Hire_Dataset.xlsx,,True,"Overlapping rental with TransactionID(s): TXN01197,TXN01224"
TXN01224,EQ013,CUST009,2025-01-13,2025-01-18,5.0,220,1100,1045.0,completed,2026-03-02 23:16:44.361556,data/Equipment_Hire_Dataset.xlsx,,True,"Overlapping rental with TransactionID(s): TXN01197,TXN01224"
TXN01212,EQ013,CUST011,2025-01-27,2025-02-17,21.0,220,4620,3927.0,completed,2026-03-02 23:16:44.361556,data/Equipment_Hire_Dataset.xlsx,,True,"Overlapping rental with TransactionID(s): TXN01212,TXN01210"
TXN01210,EQ013,CUST005,2025-01-28,2025-02-02,5.0,220,1100,1430.0,completed,2026-03-02 23:16:44.361556,data/Equipment_Hire_Dataset.xlsx,,True,"Overlapping rental with TransactionID(s): TXN01212,TXN01210"
TXN01048,EQ014,CUST014,2024-10-01,2024-10-06,5.0,220,1100,1100.0,completed,2026-03-02 23:16:44.361556,data/Equipment_Hire_Dataset.xlsx,,False,
TXN01080,EQ014,CUST009,2024-10-18,2024-11-08,21.0,220,4620,3927.0,completed,2026-03-02 23:16:44.361556,data/Equipment_Hire_Dataset.xlsx,,True,"Overlapping rental with TransactionID(s): TXN01080,TXN01120"
TXN01120,EQ014,CUST006,2024-11-04,2024-11-09,5.0,220,1100,1100.0,completed,2026-03-02 23:16:44.361556,data/Equipment_Hire_Dataset.xlsx,,True,"Overlapping rental with TransactionID(s): TXN01080,TXN01120"
TXN01123,EQ014,CUST001,2024-11-12,2024-11-15,3.0,220,660,660.0,completed,2026-03-02 23:16:44.361556,data/Equipment_Hire_Dataset.xlsx,,False,
TXN01126,EQ014,CUST002,2024-11-27,2024-11-30,3.0,220,660,627.0,completed,2026-03-02 23:16:44.361556,data/Equipment_Hire_Dataset.xlsx,,False,
TXN01176,EQ014,CUST006,2024-12-13,2025-01-03,21.0,220,4620,4620.0,completed,2026-03-02 23:16:44.361556,data/Equipment_Hire_Dataset.xlsx,,True,"Overlapping rental with TransactionID(s): TXN01176,TXN01161"
TXN01161,EQ014,CUST011,2024-12-16,2024-12-18,2.0,220,440,440.0,completed,2026-03-02 23:16:44.361556,data/Equipment_Hire_Dataset.xlsx,,True,"Overlapping rental with TransactionID(s): TXN01176,TXN01161"
TXN01229,EQ014,CUST011,2025-01-15,2025-02-05,21.0,220,4620,4408.0,completed,2026-03-02 23:16:44.361556,data/Equipment_Hire_Dataset.xlsx,,True,"Overlapping rental with TransactionID(s): TXN01229,TXN01183"
TXN01183,EQ014,CUST014,2025-01-25,2025-02-01,7.0,220,1540,1463.0,completed,2026-03-02 23:16:44.361556,data/Equipment_Hire_Dataset.xlsx,,True,"Overlapping rental with TransactionID(s): TXN01229,TXN01183"
TXN01017,EQ015,CUST009,2024-09-18,2024-09-23,5.0,280,1400,1330.0,completed,2026-03-02 23:16:44.361556,data/Equipment_Hire_Dataset.xlsx,,False,
TXN01083,EQ015,CUST003,2024-10-13,2024-10-15,2.0,280,560,874.0,completed,2026-03-02 23:16:44.361556,data/Equipment_Hire_Dataset.xlsx,,True,"Overlapping rental with TransactionID(s): TXN01083,TXN01096"
TXN01096,EQ015,CUST010,2024-10-13,2024-10-27,14.0,280,3920,3924.0,completed,2026-03-02 23:16:44.361556,data/Equipment_Hire_Dataset.xlsx,,True,"Overlapping rental with TransactionID(s): TXN01083,TXN01096"
TXN01144,EQ015,CUST006,2024-11-10,2024-12-10,30.0,280,8400,8400.0,completed,2026-03-02 23:16:44.361556,data/Equipment_Hire_Dataset.xlsx,,True,"Overlapping rental with TransactionID(s): TXN01144,TXN01109"
TXN01109,EQ015,CUST005,2024-11-14,2024-12-12,28.0,280,7840,7448.0,completed,2026-03-02 23:16:44.361556,data/Equipment_Hire_Dataset.xlsx,,True,"Overlapping rental with TransactionID(s): TXN01144,TXN01109"
TXN01205,EQ015,CUST010,2025-01-26,2025-02-02,7.0,280,1960,1862.0,completed,2026-03-02 23:16:44.361556,data/Equipment_Hire_Dataset.xlsx,,True,"Overlapping rental with TransactionID(s): TXN01205,TXN01240"
TXN01240,EQ015,CUST010,2025-01-28,2025-02-04,7.0,280,1960,1862.0,completed,2026-03-02 23:16:44.361556,data/Equipment_Hire_Dataset.xlsx,,True,"Overlapping rental with TransactionID(s): TXN01205,TXN01240"
TXN01081,EQ016,CUST001,2024-10-22,2024-10-29,7.0,280,1960,1960.0,completed,2026-03-02 23:16:44.361556,data/Equipment_Hire_Dataset.xlsx,,False,
TXN01128,EQ016,CUST004,2024-11-05,2024-11-12,7.0,280,1960,2110.0,active,2026-03-02 23:16:44.361556,data/Equipment_Hire_Dataset.xlsx,,True,Active but has EndDate
TXN01106,EQ016,CUST008,2024-11-06,2024-11-13,7.0,280,1960,2112.0,completed,2026-03-02 23:16:44.361556,data/Equipment_Hire_Dataset.xlsx,,True,"Overlapping rental with TransactionID(s): TXN01128,TXN01106"
TXN01131,EQ016,CUST006,2024-11-25,2024-11-30,5.0,280,1400,1400.0,completed,2026-03-02 23:16:44.361556,data/Equipment_Hire_Dataset.xlsx,,False,
TXN01219,EQ016,CUST015,2025-01-12,2025-02-02,21.0,280,5880,5880.0,completed,2026-03-02 23:16:44.361556,data/Equipment_Hire_Dataset.xlsx,,True,"Overlapping rental with TransactionID(s): TXN01219,TXN01226"
TXN01226,EQ016,CUST012,2025-01-25,2025-02-15,21.0,280,5880,5880.0,completed,2026-03-02 23:16:44.361556,data/Equipment_Hire_Dataset.xlsx,,True,"Overlapping rental with TransactionID(s): TXN01219,TXN01226"
TXN01038,EQ017,CUST003,2024-09-17,2024-09-19,2.0,180,360,342.0,completed,2026-03-02 23:16:44.361556,data/Equipment_Hire_Dataset.xlsx,,False,
TXN01171,EQ017,CUST004,2024-12-02,2024-12-30,28.0,180,5040,4788.0,cancelled,2026-03-02 23:16:44.361556,data/Equipment_Hire_Dataset.xlsx,,False,
TXN01222,EQ017,CUST014,2025-01-03,2025-01-05,2.0,180,360,510.0,completed,2026-03-02 23:16:44.361556,data/Equipment_Hire_Dataset.xlsx,,True,"Overlapping rental with TransactionID(s): TXN01222,TXN01189"
TXN01189,EQ017,CUST002,2025-01-04,2025-01-09,5.0,180,900,900.0,completed,2026-03-02 23:16:44.361556,data/Equipment_Hire_Dataset.xlsx,,True,"Overlapping rental with TransactionID(s): TXN01189,TXN01190"
TXN01190,EQ017,CUST011,2025-01-08,2025-01-13,5.0,180,900,900.0,completed,2026-03-02 23:16:44.361556,data/Equipment_Hire_Dataset.xlsx,,True,"Overlapping rental with TransactionID(s): TXN01190,TXN01228"
TXN01228,EQ017,CUST007,2025-01-10,2025-01-12,2.0,180,360,360.0,completed,2026-03-02 23:16:44.361556,data/Equipment_Hire_Dataset.xlsx,,True,"Overlapping rental with TransactionID(s): TXN01190,TXN01228"
TXN01208,EQ017,CUST009,2025-01-12,2025-01-26,14.0,180,2520,2394.0,completed,2026-03-02 23:16:44.361556,data/Equipment_Hire_Dataset.xlsx,,True,"Overlapping rental with TransactionID(s): TXN01208,TXN01186"
TXN01186,EQ017,CUST004,2025-01-15,2025-01-20,5.0,180,900,1100.0,completed,2026-03-02 23:16:44.361556,data/Equipment_Hire_Dataset.xlsx,,True,"Overlapping rental with TransactionID(s): TXN01186,TXN01198"
TXN01198,EQ017,CUST011,2025-01-17,2025-01-19,2.0,180,360,360.0,completed,2026-03-02 23:16:44.361556,data/Equipment_Hire_Dataset.xlsx,,True,"Overlapping rental with TransactionID(s): TXN01198,TXN01232"
TXN01232,EQ017,CUST009,2025-01-17,2025-01-24,7.0,180,1260,1197.0,completed,2026-03-02 23:16:44.361556,data/Equipment_Hire_Dataset.xlsx,,True,"Overlapping rental with TransactionID(s): TXN01232,TXN01242"
TXN01242,EQ017,CUST004,2025-01-17,2025-01-22,5.0,180,900,1100.0,completed,2026-03-02 23:16:44.361556,data/Equipment_Hire_Dataset.xlsx,,True,"Overlapping rental with TransactionID(s): TXN01232,TXN01242"
TXN01001,EQ018,CUST002,2024-09-02,2024-09-16,14.0,180,2520,2418.0,completed,2026-03-02 23:16:44.361556,data/Equipment_Hire_Dataset.xlsx,,True,"Overlapping rental with TransactionID(s): TXN01001,TXN01025"
TXN01025,EQ018,CUST013,2024-09-07,2024-09-21,14.0,180,2520,2394.0,completed,2026-03-02 23:16:44.361556,data/Equipment_Hire_Dataset.xlsx,,True,"Overlapping rental with TransactionID(s): TXN01025,TXN01006"
TXN01006,EQ018,CUST005,2024-09-20,2024-10-11,21.0,180,3780,3591.0,completed,2026-03-02 23:16:44.361556,data/Equipment_Hire_Dataset.xlsx,,True,"Overlapping rental with TransactionID(s): TXN01006,TXN01018"
TXN01018,EQ018,CUST013,2024-09-21,2024-09-26,5.0,180,900,1150.0,completed,2026-03-02 23:16:44.361556,data/Equipment_Hire_Dataset.xlsx,,True,"Overlapping rental with TransactionID(s): TXN01006,TXN01018"
TXN01011,EQ018,CUST004,2024-09-27,2024-10-11,14.0,180,2520,2268.0,completed,2026-03-02 23:16:44.361556,data/Equipment_Hire_Dataset.xlsx,,True,"Overlapping rental with TransactionID(s): TXN01011,TXN01065"
TXN01065,EQ018,CUST014,2024-10-10,2024-10-11,1.0,180,180,180.0,completed,2026-03-02 23:16:44.361556,data/Equipment_Hire_Dataset.xlsx,,True,"Overlapping rental with TransactionID(s): TXN01011,TXN01065"
TXN01061,EQ018,CUST011,2024-10-24,2024-11-07,14.0,180,2520,2142.0,completed,2026-03-02 23:16:44.361556,data/Equipment_Hire_Dataset.xlsx,,False,
TXN01101,EQ018,CUST009,2024-11-24,2024-11-29,5.0,180,900,900.0,completed,2026-03-02 23:16:44.361556,data/Equipment_Hire_Dataset.xlsx,,False,
TXN01179,EQ018,CUST009,2024-12-04,2024-12-09,5.0,180,900,900.0,completed,2026-03-02 23:16:44.361556,data/Equipment_Hire_Dataset.xlsx,,False,
TXN01040,EQ019,CUST010,2024-09-03,2024-09-04,1.0,180,180,180.0,completed,2026-03-02 23:16:44.361556,data/Equipment_Hire_Dataset.xlsx,,False,
TXN01027,EQ019,CUST009,2024-09-08,2024-09-13,5.0,180,900,855.0,completed,2026-03-02 23:16:44.361556,data/Equipment_Hire_Dataset.xlsx,,False,
TXN01095,EQ019,CUST005,2024-10-08,2024-10-13,5.0,180,900,1105.0,completed,2026-03-02 23:16:44.361556,data/Equipment_Hire_Dataset.xlsx,,False,
TXN01169,EQ019,CUST006,2024-12-09,2024-12-10,1.0,180,180,547.3,completed,2026-03-02 23:16:44.361556,data/Equipment_Hire_Dataset.xlsx,,False,
TXN01146,EQ019,CUST005,2024-12-10,2025-01-09,30.0,180,5400,4860.0,completed,2026-03-02 23:16:44.361556,data/Equipment_Hire_Dataset.xlsx,,True,"Overlapping rental with TransactionID(s): TXN01146,TXN01174"
TXN01174,EQ019,CUST009,2024-12-13,2024-12-27,14.0,180,2520,2394.0,completed,2026-03-02 23:16:44.361556,data/Equipment_Hire_Dataset.xlsx,,True,"Overlapping rental with TransactionID(s): TXN01146,TXN01174"
TXN01201,EQ019,CUST013,2025-01-22,2025-01-29,7.0,180,1260,1260.0,completed,2026-03-02 23:16:44.361556,data/Equipment_Hire_Dataset.xlsx,,False,
TXN01073,EQ020,CUST014,2024-10-17,2024-10-31,14.0,320,4480,4480.0,completed,2026-03-02 23:16:44.361556,data/Equipment_Hire_Dataset.xlsx,,True,"Overlapping rental with TransactionID(s): TXN01073,TXN01091"
TXN01091,EQ020,CUST013,2024-10-19,2024-10-21,2.0,320,640,608.0,completed,2026-03-02 23:16:44.361556,data/Equipment_Hire_Dataset.xlsx,,True,"Overlapping rental with TransactionID(s): TXN01073,TXN01091"
TXN01115,EQ020,CUST012,2024-11-10,2024-12-01,21.0,320,6720,6920.0,completed,2026-03-02 23:16:44.361556,data/Equipment_Hire_Dataset.xlsx,,False,
TXN01167,EQ020,CUST001,2024-12-05,2024-12-10,5.0,320,1600,1600.0,completed,2026-03-02 23:16:44.361556,data/Equipment_Hire_Dataset.xlsx,,False,
TXN01216,EQ020,CUST003,2025-01-05,2025-01-19,14.0,320,4480,3958.0,completed,2026-03-02 23:16:44.361556,data/Equipment_Hire_Dataset.xlsx,,False,
TXN01200,EQ020,CUST003,2025-01-21,2025-02-11,21.0,320,6720,6298.0,completed,2026-03-02 23:16:44.361556,data/Equipment_Hire_Dataset.xlsx,,False,
TXN01013,EQ021,CUST008,2024-09-05,2024-09-08,3.0,320,960,960.0,completed,2026-03-02 23:16:44.361556,data/Equipment_Hire_Dataset.xlsx,,False,
TXN01000,EQ021,CUST002,2024-09-09,2024-09-10,1.0,320,320,320.0,completed,2026-03-02 23:16:44.361556,data/Equipment_Hire_Dataset.xlsx,,False,
TXN01020,EQ021,CUST005,2024-09-17,2024-10-08,21.0,320,6720,4982.7,completed,2026-03-02 23:16:44.361556,data/Equipment_Hire_Dataset.xlsx,,True,"Overlapping rental with TransactionID(s): TXN01020,TXN01244"
TXN01244,EQ021,CUST005,2024-09-19,2024-10-10,21.0,320,6720,5862.0,completed,2026-03-02 23:16:44.361556,data/Equipment_Hire_Dataset.xlsx,,True,"Overlapping rental with TransactionID(s): TXN01244,TXN01042"
TXN01042,EQ021,CUST005,2024-09-25,2024-10-02,7.0,320,2240,2128.0,completed,2026-03-02 23:16:44.361556,data/Equipment_Hire_Dataset.xlsx,,True,"Overlapping rental with TransactionID(s): TXN01244,TXN01042"
TXN01086,EQ021,CUST001,2024-10-08,2024-10-29,21.0,320,6720,5712.0,completed,2026-03-02 23:16:44.361556,data/Equipment_Hire_Dataset.xlsx,,True,"Overlapping rental with TransactionID(s): TXN01086,TXN01066"
TXN01066,EQ021,CUST006,2024-10-15,2024-10-22,7.0,320,2240,2240.0,completed,2026-03-02 23:16:44.361556,data/Equipment_Hire_Dataset.xlsx,,True,"Overlapping rental with TransactionID(s): TXN01086,TXN01066"
TXN01045,EQ021,CUST009,2024-10-27,2024-10-28,1.0,320,320,320.0,completed,2026-03-02 23:16:44.361556,data/Equipment_Hire_Dataset.xlsx,,False,
TXN01134,EQ021,CUST003,2024-11-02,2024-11-09,7.0,320,2240,2240.0,completed,2026-03-02 23:16:44.361556,data/Equipment_Hire_Dataset.xlsx,,False,
TXN01136,EQ021,CUST003,2024-11-26,2024-11-28,2.0,320,640,640.0,completed,2026-03-02 23:16:44.361556,data/Equipment_Hire_Dataset.xlsx,,True,"Overlapping rental with TransactionID(s): TXN01136,TXN01114"
TXN01114,EQ021,CUST003,2024-11-27,2024-12-25,28.0,320,8960,10095.8,completed,2026-03-02 23:16:44.361556,data/Equipment_Hire_Dataset.xlsx,,True,"Overlapping rental with TransactionID(s): TXN01114,TXN01137"
TXN01137,EQ021,CUST002,2024-11-28,2024-12-26,28.0,320,8960,8960.0,completed,2026-03-02 23:16:44.361556,data/Equipment_Hire_Dataset.xlsx,,True,"Overlapping rental with TransactionID(s): TXN01137,TXN01150"
TXN01150,EQ021,CUST001,2024-12-15,2024-12-20,5.0,320,1600,1520.0,completed,2026-03-02 23:16:44.361556,data/Equipment_Hire_Dataset.xlsx,,True,"Overlapping rental with TransactionID(s): TXN01137,TXN01150"
TXN01233,EQ021,CUST007,2025-01-09,2025-02-08,30.0,320,9600,8640.0,completed,2026-03-02 23:16:44.361556,data/Equipment_Hire_Dataset.xlsx,,True,"Overlapping rental with TransactionID(s): TXN01233,TXN01206"
TXN01206,EQ021,CUST004,2025-01-16,2025-01-21,5.0,320,1600,1600.0,completed,2026-03-02 23:16:44.361556,data/Equipment_Hire_Dataset.xlsx,,True,"Overlapping rental with TransactionID(s): TXN01233,TXN01206"
TXN01235,EQ021,CUST003,2025-01-22,2025-02-12,21.0,320,6720,6720.0,completed,2026-03-02 23:16:44.361556,data/Equipment_Hire_Dataset.xlsx,,False,
TXN01062,EQ022,CUST015,2024-10-11,2024-10-16,5.0,450,2250,2137.5,completed,2026-03-02 23:16:44.361556,data/Equipment_Hire_Dataset.xlsx,,False,
TXN01064,EQ022,CUST007,2024-10-29,2024-11-12,14.0,450,6300,5355.0,completed,2026-03-02 23:16:44.361556,data/Equipment_Hire_Dataset.xlsx,,True,"Overlapping rental with TransactionID(s): TXN01064,TXN01118"
TXN01118,EQ022,CUST014,2024-11-02,2024-11-07,5.0,450,2250,2250.0,completed,2026-03-02 23:16:44.361556,data/Equipment_Hire_Dataset.xlsx,,True,"Overlapping rental with TransactionID(s): TXN01064,TXN01118"
TXN01143,EQ022,CUST001,2024-11-15,2024-12-13,28.0,450,12600,11970.0,completed,2026-03-02 23:16:44.361556,data/Equipment_Hire_Dataset.xlsx,,True,"Overlapping rental with TransactionID(s): TXN01143,TXN01113"
TXN01113,EQ022,CUST004,2024-11-26,2024-12-24,28.0,450,12600,10710.0,completed,2026-03-02 23:16:44.361556,data/Equipment_Hire_Dataset.xlsx,,True,"Overlapping rental with TransactionID(s): TXN01113,TXN01156"
TXN01156,EQ022,CUST012,2024-12-19,,,450,6300,6300.0,active,2026-03-02 23:16:44.361556,data/Equipment_Hire_Dataset.xlsx,,True,"Overlapping rental with TransactionID(s): TXN01156,TXN01163"
TXN01163,EQ022,CUST006,2024-12-21,2024-12-28,7.0,450,3150,3350.0,completed,2026-03-02 23:16:44.361556,data/Equipment_Hire_Dataset.xlsx,,True,"Overlapping rental with TransactionID(s): TXN01163,TXN01149"
TXN01149,EQ022,CUST013,2024-12-22,2025-01-05,14.0,450,6300,5355.0,active,2026-03-02 23:16:44.361556,data/Equipment_Hire_Dataset.xlsx,,True,Active but has EndDate
TXN01193,EQ022,CUST013,2025-01-13,2025-01-18,5.0,450,2250,2137.5,completed,2026-03-02 23:16:44.361556,data/Equipment_Hire_Dataset.xlsx,,False,
TXN01050,EQ023,CUST015,2024-10-02,2024-10-05,3.0,450,1350,1350.0,completed,2026-03-02 23:16:44.361556,data/Equipment_Hire_Dataset.xlsx,,False,
TXN01162,EQ023,CUST006,2024-12-15,2024-12-18,3.0,450,1350,1350.0,completed,2026-03-02 23:16:44.361556,data/Equipment_Hire_Dataset.xlsx,,False,
TXN01184,EQ023,CUST005,2025-01-09,2025-01-10,1.0,450,450,450.0,completed,2026-03-02 23:16:44.361556,data/Equipment_Hire_Dataset.xlsx,,False,
TXN01196,EQ023,CUST015,2025-01-14,2025-01-19,5.0,450,2250,2387.5,completed,2026-03-02 23:16:44.361556,data/Equipment_Hire_Dataset.xlsx,,False,
TXN01010,EQ024,CUST004,2024-09-13,2024-09-16,3.0,280,840,840.0,completed,2026-03-02 23:16:44.361556,data/Equipment_Hire_Dataset.xlsx,,False,
TXN01014,EQ024,CUST010,2024-09-19,2024-09-26,7.0,280,1960,1960.0,cancelled,2026-03-02 23:16:44.361556,data/Equipment_Hire_Dataset.xlsx,,True,"Overlapping rental with TransactionID(s): TXN01014,TXN01031"
TXN01031,EQ024,CUST001,2024-09-21,2024-10-05,14.0,280,3920,3728.0,completed,2026-03-02 23:16:44.361556,data/Equipment_Hire_Dataset.xlsx,,True,"Overlapping rental with TransactionID(s): TXN01014,TXN01031"
TXN01094,EQ024,CUST009,2024-10-09,2024-11-08,30.0,280,8400,8400.0,completed,2026-03-02 23:16:44.361556,data/Equipment_Hire_Dataset.xlsx,,True,"Overlapping rental with TransactionID(s): TXN01094,TXN01067"
TXN01067,EQ024,CUST003,2024-10-10,2024-10-24,14.0,280,3920,3874.0,completed,2026-03-02 23:16:44.361556,data/Equipment_Hire_Dataset.xlsx,,True,"Overlapping rental with TransactionID(s): TXN01067,TXN01085"
TXN01085,EQ024,CUST009,2024-10-12,2024-10-14,2.0,280,560,560.0,completed,2026-03-02 23:16:44.361556,data/Equipment_Hire_Dataset.xlsx,,True,"Overlapping rental with TransactionID(s): TXN01067,TXN01085"
TXN01054,EQ024,CUST015,2024-10-14,2024-10-19,5.0,280,1400,1400.0,completed,2026-03-02 23:16:44.361556,data/Equipment_Hire_Dataset.xlsx,,False,
TXN01117,EQ024,CUST006,2024-11-01,2024-11-15,14.0,280,3920,3528.0,cancelled,2026-03-02 23:16:44.361556,data/Equipment_Hire_Dataset.xlsx,,True,"Overlapping rental with TransactionID(s): TXN01117,TXN01139"
TXN01139,EQ024,CUST002,2024-11-04,2024-11-11,7.0,280,1960,2141.3,completed,2026-03-02 23:16:44.361556,data/Equipment_Hire_Dataset.xlsx,,True,"Overlapping rental with TransactionID(s): TXN01139,TXN01110"
TXN01110,EQ024,CUST002,2024-11-07,2024-12-05,28.0,280,7840,6664.0,completed,2026-03-02 23:16:44.361556,data/Equipment_Hire_Dataset.xlsx,,True,"Overlapping rental with TransactionID(s): TXN01110,TXN01245"
TXN01245,EQ024,CUST002,2024-11-09,2024-12-07,28.0,280,7840,6664.0,completed,2026-03-02 23:16:44.361556,data/Equipment_Hire_Dataset.xlsx,,True,"Overlapping rental with TransactionID(s): TXN01110,TXN01245"
TXN01170,EQ024,CUST002,2024-12-25,2025-01-01,7.0,280,1960,1960.0,completed,2026-03-02 23:16:44.361556,data/Equipment_Hire_Dataset.xlsx,,False,
TXN01213,EQ024,CUST011,2025-01-03,2025-01-31,28.0,280,7840,7840.0,completed,2026-03-02 23:16:44.361556,data/Equipment_Hire_Dataset.xlsx,,True,"Overlapping rental with TransactionID(s): TXN01213,TXN01199"
TXN01199,EQ024,CUST014,2025-01-05,2025-01-19,14.0,280,3920,3532.0,completed,2026-03-02 23:16:44.361556,data/Equipment_Hire_Dataset.xlsx,,True,"Overlapping rental with TransactionID(s): TXN01213,TXN01199"
TXN01021,EQ025,CUST015,2024-09-01,2024-09-08,7.0,420,2940,2940.0,completed,2026-03-02 23:16:44.361556,data/Equipment_Hire_Dataset.xlsx,,True,"Overlapping rental with TransactionID(s): TXN01021,TXN01241"
TXN01241,EQ025,CUST015,2024-09-03,2024-09-10,7.0,420,2940,2940.0,completed,2026-03-02 23:16:44.361556,data/Equipment_Hire_Dataset.xlsx,,True,"Overlapping rental with TransactionID(s): TXN01021,TXN01241"
TXN01004,EQ025,CUST006,2024-09-13,2024-09-15,2.0,420,840,798.0,completed,2026-03-02 23:16:44.361556,data/Equipment_Hire_Dataset.xlsx,,True,"Overlapping rental with TransactionID(s): TXN01004,TXN01034"
TXN01034,EQ025,CUST014,2024-09-14,,,420,2100,2100.0,active,2026-03-02 23:16:44.361556,data/Equipment_Hire_Dataset.xlsx,,True,"Overlapping rental with TransactionID(s): TXN01034,TXN01057"
TXN01057,EQ025,CUST005,2024-10-17,2024-10-22,5.0,420,2100,2100.0,completed,2026-03-02 23:16:44.361556,data/Equipment_Hire_Dataset.xlsx,,True,"Overlapping rental with TransactionID(s): TXN01034,TXN01057"
TXN01069,EQ025,CUST002,2024-10-29,2024-11-05,7.0,420,2940,2940.0,completed,2026-03-02 23:16:44.361556,data/Equipment_Hire_Dataset.xlsx,,True,"Overlapping rental with TransactionID(s): TXN01069,TXN01138"
TXN01138,EQ025,CUST008,2024-11-02,2024-11-30,28.0,420,11760,10784.0,cancelled,2026-03-02 23:16:44.361556,data/Equipment_Hire_Dataset.xlsx,,True,"Overlapping rental with TransactionID(s): TXN01138,TXN01103"
TXN01103,EQ025,CUST012,2024-11-07,2024-11-10,3.0,420,1260,1460.0,cancelled,2026-03-02 23:16:44.361556,data/Equipment_Hire_Dataset.xlsx,,True,"Overlapping rental with TransactionID(s): TXN01138,TXN01103"
TXN01099,EQ025,CUST004,2024-11-21,2024-12-05,14.0,420,5880,5880.0,completed,2026-03-02 23:16:44.361556,data/Equipment_Hire_Dataset.xlsx,,False,
TXN01166,EQ025,CUST009,2024-12-07,2024-12-10,3.0,420,1260,1260.0,completed,2026-03-02 23:16:44.361556,data/Equipment_Hire_Dataset.xlsx,,False,
TXN01154,EQ025,CUST004,2024-12-24,2025-01-21,28.0,420,11760,15288.0,completed,2026-03-02 23:16:44.361556,data/Equipment_Hire_Dataset.xlsx,,True,"Overlapping rental with TransactionID(s): TXN01154,TXN01180"
TXN01180,EQ025,CUST007,2024-12-24,2025-01-21,28.0,420,11760,10584.0,completed,2026-03-02 23:16:44.361556,data/Equipment_Hire_Dataset.xlsx,,True,"Overlapping rental with TransactionID(s): TXN01180,TXN01209"
TXN01209,EQ025,CUST006,2025-01-02,2025-01-16,14.0,420,5880,5586.0,completed,2026-03-02 23:16:44.361556,data/Equipment_Hire_Dataset.xlsx,,True,"Overlapping rental with TransactionID(s): TXN01209,TXN01218"
TXN01218,EQ025,CUST012,2025-01-08,2025-01-29,21.0,420,8820,7497.0,completed,2026-03-02 23:16:44.361556,data/Equipment_Hire_Dataset.xlsx,,True,"Overlapping rental with TransactionID(s): TXN01209,TXN01218"
TXN01187,EQ025,CUST010,2025-01-29,2025-02-12,14.0,420,5880,5292.0,completed,2026-03-02 23:16:44.361556,data/Equipment_Hire_Dataset.xlsx,,False,
